"species","culabel","region","oe_age","faz","fm_start","fm_end","n_fm","fm_dat_qual","oe_start","oe_end","n_oe","oe_dat_qual","rt_start","rt_end","n_rt","sp_start","sp_end","n_sp","dat_qual","arrival","n_arrival","fm_source_faz","oe_source_faz"
"CK","Alsek","transboundary",NA,"Alsek",NA,NA,NA,NA,115,181,0,6,191,236,10,NA,NA,0,6,159.7649897,0,"","Taku"
"CK","Bella Coola-Bentinck","central coast","0+","BCD",71,120,0,6,101,144,4,4,NA,NA,NA,215.852171577039,273.454284534843,75,1,151.673684215791,60,"HK","BCD"
"CK","Boundary Bay (Fall 4-1)","fraser","0+","BB",56,122,0,6,150,163,1,5,NA,NA,NA,278.162761545976,360.055890159244,1,4,298.593879831422,3,"EVI","BB"
"CK","Dean River","central coast",NA,"BCD",71,120,0,6,101,144,0,6,NA,NA,NA,220.895844796565,264.177746222626,43,1,167.180268347779,32,"HK","BCD"
"CK","Docee","central coast",NA,"RSI",71,120,0,6,101,144,0,6,NA,NA,NA,253.642752118531,295.833958679516,43,1,223.941800336729,31,"HK","BCD"
"CK","East Haida Gwaii","haida gwaii",NA,"HG",81,128,0,6,71,166,0,6,NA,NA,NA,224.028148859494,254.403643576181,8,1,274.298997614041,5,"NC","NC"
"CK","East Vancouver Island-Cowichan and Koksilah (Fall x-1)","vancouver island and mainland inlets","0+","EVI",51,120,6,1,64,172,2,4,NA,NA,NA,262.726162516175,315.39713458839,64,1,246.074208281292,46,NA,"EVI"
"CK","East Vancouver Island-Georgia Strait (Summer 4-1)","vancouver island and mainland inlets",NA,"EVI",56,122,0,6,88,158,0,6,NA,NA,NA,231.716892832597,307.867849763963,41,1,162.75634529915,36,"EVI","EVI"
"CK","East Vancouver Island-Goldstream (Fall x-1)","vancouver island and mainland inlets",NA,"EVI",56,122,0,6,88,158,0,6,NA,NA,NA,290.741683797935,327.584827947096,25,1,282.358248436217,35,"EVI","EVI"
"CK","East Vancouver Island-Nanaimo (Spring x-2)","vancouver island and mainland inlets","1+","EVI",56,122,0,6,140,212,3,4,NA,NA,NA,252.2623878,295.3278027,0,6,236.5380372,0,"EVI","EVI"
"CK","East Vancouver Island-Nanaimo and Chemainus (Fall x-1)","vancouver island and mainland inlets","0+","EVI",56,122,0,6,84,136,8,1,NA,NA,NA,264.767027846945,302.426598692503,40,1,255.43446169504,41,"EVI","EVI"
"CK","East Vancouver Island-North (Fall x-1)","vancouver island and mainland inlets",NA,"EVI",56,122,0,6,88,158,0,6,NA,NA,NA,247.179111403768,296.859132366102,274,1,235.141223614803,216,"EVI","EVI"
"CK","East Vancouver Island-Qualicum and Puntledge (Fall x-1)","vancouver island and mainland inlets","0+","EVI",75,128,11,4,75,177,11,4,NA,NA,NA,269.675204554518,306.867745424811,150,1,256.521021577954,133,NA,"EVI"
"CK","Ecstall","skeena",NA,"LSK",95,199,0,6,154,179,0,6,192.94,236.06,1,235.395710767052,272.550881138744,86,1,214.90395627003,52,"MSK","MSK"
"CK","Fraser-Harrison Fall Transplant (Fall 4-1)","fraser",NA,"LFR",56,122,0,6,118,182,0,6,NA,NA,NA,242.0275232,283.4467977,0,6,227.0487705,0,"EVI","MFR"
"CK","Fraser Canyon-Nahatlatch (Spring 5-2)","fraser",NA,"FRCany",96,168,0,6,118,182,0,6,NA,NA,NA,250.596286621212,282.164004953694,39,1,244.850795843542,28,"MFR","MFR"
"CK","Homathko (Summer x-x)","vancouver island and mainland inlets",NA,"HK",71,120,0,6,114,151,0,6,NA,NA,NA,229.013425320953,264.894809715724,67,2,206.511263031213,27,"EVI","HK"
"CK","Kalum-Early","skeena",NA,"LSK",81,128,0,6,154,179,0,6,145.94,189.06,1,224.462290136447,258.31137700626,90,1,209.632198884076,61,"NC","MSK"
"CK","Kalum-Late","skeena",NA,"LSK",81,128,0,6,154,179,0,6,192.94,236.06,1,238.944049256872,276.258201517174,63,2,216.622624500875,53,"NC","MSK"
"CK","Klinaklini (Summer 5-2)","vancouver island and mainland inlets","1+","HK",71,120,2,3,114,151,3,3,NA,NA,NA,196.934193694469,267.276543416232,39,1,168.2739250804,39,NA,"HK"
"CK","Lakelse","skeena",NA,"LSK",81,128,0,6,154,179,0,6,192.94,236.06,1,232.743992259275,261.732615827084,66,1,218.086222797846,52,"NC","MSK"
"CK","Lower Fraser River-Maria Slough (Summer 4-1)","fraser",NA,"LFR",56,122,0,6,118,182,0,6,208,231,2,264.470871679337,308.596412846799,41,1,262.987038836263,28,"EVI","MFR"
"CK","Lower Fraser River-Upper Pitt (Summer 5-2)","fraser",NA,"LFR",56,122,0,6,118,182,0,6,NA,NA,NA,218.678361502757,261.090635493952,34,2,215.905659152229,20,"EVI","MFR"
"CK","Lower Fraser River (Fall 4-1)","fraser","0+","LFR",56,122,0,6,126,165,1,5,235,290,2,285.121896260482,341.273021655092,35,1,287.496617370786,30,"EVI","LFR"
"CK","Lower Fraser River (Spring 5-2)","fraser",NA,"LFR",56,122,0,6,118,182,0,6,86,132,2,133.776110834436,211.480914642614,27,2,127.307767471978,13,"EVI","MFR"
"CK","Lower Fraser River (Summer 5-2)","fraser",NA,"LFR",56,122,0,6,118,182,0,6,NA,NA,NA,238.99917080498,297.279576746112,86,1,209.160293827231,51,"EVI","MFR"
"CK","Lower Skeena","skeena",NA,"LSK",81,128,0,6,154,179,0,6,192.94,236.06,1,227.641308224528,256.815551299673,297,1,215.808594592667,243,"NC","MSK"
"CK","Lower Thompson River (Spring 4-2)","fraser","1+","LTh",100,181,5,2,101,158,4,4,97,212,14,226.025221612653,263.293986776978,258,1,206.625324605013,177,NA,"LTh"
"CK","Lynn Canal","transboundary",NA,"Lynn",81,128,0,6,89,137,0,6,NA,NA,NA,NA,NA,0,6,159.7649897,0,"NC","UNUK"
"CK","Middle Fraser River-Portage (Fall 5-2)","fraser","1+","MFR",115,148,2,4,126,153,1,5,NA,NA,NA,269.893742851905,306.072909269343,38,1,262.522325255554,29,NA,"MFR"
"CK","Middle Fraser River (Spring 5-2)","fraser","1+","MFR",112,178,4,4,123,172,2,4,119,233,16,225.057537212336,254.13532017508,363,1,214.541715953458,243,NA,"MFR"
"CK","Middle Fraser River (Summer 5-2)","fraser","1+","MFR",87,170,23,1,117,185,10,1,168,229,8,247.025528250749,275.498142765941,355,1,232.478825072259,214,NA,"MFR"
"CK","Middle Skeena-Large Lakes","skeena",NA,"MSK",95,199,5,2,154,179,0,6,192.94,236.06,1,239.572853076257,272.094418240168,235,1,225.378162447696,124,NA,"MSK"
"CK","Middle Skeena-Mainstem Tributaries","skeena",NA,"MSK",95,199,0,6,154,179,0,6,192.94,236.06,1,226.488818664797,256.310651032189,241,1,212.143076785081,203,"MSK","MSK"
"CK","North & Central Coast-Early","central coast","0+","NC",81,128,24,1,71,166,5,2,NA,NA,NA,215.34653025154,250.923215736913,673,1,180.646385335016,551,NA,"NC"
"CK","North & Central Coast-Late","central coast",NA,"NC",81,128,0,6,71,166,0,6,NA,NA,NA,215.626741735713,261.785024854934,98,1,199.69036381577,68,"NC","NC"
"CK","North Haida Gwaii","haida gwaii",NA,"HG",81,128,0,6,71,166,0,6,NA,NA,NA,221.965607540814,270.677691047517,44,1,150.143211073422,33,"NC","NC"
"CK","North Thompson River (Spring 5-2)","fraser",NA,"NTh",93,151,3,4,101,158,0,6,172,215,4,223.391925353802,253.133115257598,96,1,217.068443984697,60,NA,"LTh"
"CK","North Thompson River (Summer 5-2)","fraser",NA,"NTh",93,167,5,2,101,158,0,6,151,226,8,246.598604514492,275.593550400247,241,1,228.911767097133,159,NA,"LTh"
"CK","Okanagan","columbia",NA,"OK",NA,NA,NA,NA,NA,NA,NA,NA,261.36,296.64,1,NA,NA,0,6,NA,0,"",""
"CK","Portland Sound-Observatory Inlet-Lower Nass","nass",NA,"LNR-P",81,128,0,6,71,166,0,6,NA,NA,NA,209.248495988136,242.303129598872,238,1,190.97148081991,156,"NC","NC"
"CK","Rivers Inlet","central coast",NA,"RSI",71,120,0,6,101,144,0,6,NA,NA,NA,227.861628210521,266.570150494934,257,1,212.229081935978,187,"HK","BCD"
"CK","Shuswap River (Summer 4-1)","fraser","0+","STh",93,140,0,6,116,139,2,4,168,220,4,253.324491768965,300.961961401382,67,1,202.826131551055,36,"STh","STh"
"CK","Sicintine","skeena",NA,"USK",95,199,0,6,154,179,0,6,NA,NA,NA,218.55747957738,238.558556686872,1,5,218.477106504021,1,"MSK","MSK"
"CK","Skeena Estuary","skeena",NA,"HecLow",81,128,0,6,101,144,0,6,192.94,236.06,1,248.495294794247,281.419153715598,52,1,229.569279949124,34,"NC","BCD"
"CK","South Thompson-Adams River Upper","fraser",NA,"STh",93,140,1,4,111,160,0,6,NA,NA,NA,249.957538911757,276.709001679257,7,5,237.972516195068,4,NA,"STh"
"CK","South Thompson River-Bessette Creek (Summer 4-2)","fraser",NA,"STh",93,140,0,6,111,160,0,6,176,219,2,252.14912930812,283.323280619602,47,1,236.579886452958,30,"STh","STh"
"CK","South Thompson River (Summer 4-1)","fraser","0+","STh",93,140,0,6,106,182,2,4,208,240,2,260.240976146837,300.248436370814,171,1,239.214525811058,95,"STh","STh"
"CK","South Thompson River (Summer 5-2)","fraser",NA,"STh",93,141,3,4,111,160,0,6,146,222,4,242.192356744326,283.567978487801,103,1,203.277371602358,64,NA,"STh"
"CK","Southern Mainland-Georgia Strait (Fall x-1)","vancouver island and mainland inlets","0+","SC",56,122,0,6,52,139,9,1,NA,NA,NA,219.088890073368,263.518818338611,384,2,215.494752608213,246,"EVI","SC"
"CK","Southern Mainland-Southern Fjords (Fall x-1)","vancouver island and mainland inlets",NA,"SC",56,122,0,6,52,139,0,6,NA,NA,NA,213.452753504896,263.96553777168,438,1,200.314565320587,300,"EVI","SC"
"CK","Stikine-Early Timing","transboundary","1+","LStk",81,128,0,6,113,157,20,1,NA,NA,NA,NA,NA,0,6,159.7649897,0,"NC","LStk"
"CK","Stikine-Late Timing","transboundary","1+","LStk",81,128,0,6,113,157,20,1,NA,NA,NA,NA,NA,0,6,159.7649897,0,"NC","LStk"
"CK","Taku-Early Timing","transboundary","1+","Taku",81,128,0,6,115,181,3,4,NA,NA,NA,NA,NA,0,6,159.7649897,0,"NC","Taku"
"CK","Taku-Late Timing","transboundary","1+","Taku",81,128,0,6,115,181,3,4,NA,NA,NA,NA,NA,0,6,159.7649897,0,"NC","Taku"
"CK","Taku-Mid Timing","transboundary","1+","Taku",81,128,0,6,115,181,3,4,NA,NA,NA,NA,NA,0,6,159.7649897,0,"NC","Taku"
"CK","Unuk","transboundary","1+","UNUK",81,128,0,6,89,137,11,1,NA,NA,NA,NA,NA,0,6,159.7649897,0,"NC","UNUK"
"CK","Upper Bulkley River","skeena","1+","MSK",95,199,0,6,154,179,3,3,145.94,189.06,1,227.856900793219,255.87237840934,37,1,201.382076791552,20,"MSK","MSK"
"CK","Upper Fraser River (Spring 5-2)","fraser","1+","UFR",100,175,12,2,118,179,9,2,146,196,14,224.04420825676,249.029862030622,717,1,212.910430912064,473,NA,"UFR"
"CK","Upper Nass","nass",NA,"UNR",95,199,0,6,154,179,0,6,163,226,25,220.446237658981,265.06868596131,254,1,201.697872034044,217,"MSK","MSK"
"CK","Upper Skeena","skeena",NA,"USK",95,199,0,6,154,179,0,6,192.94,236.06,1,224.082876122144,251.767529516062,21,1,216.071926866633,14,"MSK","MSK"
"CK","Wannock","central coast",NA,"RSI",71,120,0,6,101,144,0,6,NA,NA,NA,260.221548010927,323.381674174266,41,1,220.488880777442,24,"HK","BCD"
"CK","West Vancouver Island-Nootka and Kyuquot (Fall x-1)","vancouver island and mainland inlets","0+","WVI",71,120,0,6,108,152,4,4,NA,NA,NA,257.742470492315,294.40991318576,817,1,258.346854660946,367,"HK","WVI"
"CK","West Vancouver Island-North (Fall x-1)","vancouver island and mainland inlets",NA,"WVI",71,120,0,6,75,141,0,6,NA,NA,NA,251.61813162601,286.621638953655,102,1,252.517612757057,76,"HK","WVI"
"CK","West Vancouver Island-South (Fall x-1)","vancouver island and mainland inlets","0+","WVI",71,120,0,6,59,135,4,3,NA,NA,NA,273.159996014365,308.93769646074,732,1,266.767231809396,534,"HK","WVI"
"CK","Whiting","transboundary",NA,"Whiting",81,128,0,6,115,181,0,6,NA,NA,NA,NA,NA,0,6,159.7649897,0,"NC","Taku"
"CK","Zymoetz","skeena",NA,"LSK",81,128,0,6,154,179,0,6,192.94,236.06,1,224.621658815949,251.445159790746,46,1,215.528013004527,36,"NC","MSK"
"CM","Bella Coola-Dean Rivers","central coast","0+","BCD",NA,NA,NA,NA,72,156,6,2,NA,NA,NA,219.545284386297,268.937674802837,668,1,218.279948116067,483,"","BCD"
"CM","Bella Coola River-Late","central coast","0+","BCD",NA,NA,NA,NA,105,116,2,4,NA,NA,NA,260.293342599643,312.294105337908,10,5,246.990892039748,10,"","BCD"
"CM","Bute Inlet","vancouver island and mainland inlets",NA,"SC",NA,NA,NA,NA,68,166,0,6,NA,NA,NA,270.82003989305,321.533173203053,196,1,257.246725853273,108,"","SC"
"CM","Douglas-Gardner","central coast","0+","NC",NA,NA,NA,NA,65,135,26,1,NA,NA,NA,224.918234949671,261.605518934588,2093,1,217.897244685329,1808,"","NC"
"CM","East Haida Gwaii","haida gwaii","0+","HG",NA,NA,NA,NA,84,151,5,2,NA,NA,NA,269.392721977891,297.842826866965,2954,1,265.392613597105,2031,"","HG"
"CM","Georgia Strait","vancouver island and mainland inlets","0+","SC",NA,NA,NA,NA,73,156,17,1,NA,NA,NA,292.495658097589,337.343414699181,3458,1,290.287552536376,2479,"","SC"
"CM","Hecate Lowlands","central coast","0+","HecLow",NA,NA,NA,NA,79,132,24,1,NA,NA,NA,246.922677063413,277.922441724873,3510,1,244.832101834346,2648,"","HecLow"
"CM","Howe Sound-Burrard Inlet","vancouver island and mainland inlets","0+","SC",NA,NA,NA,NA,64,191,19,1,NA,NA,NA,300.21553468916,343.359386025336,812,1,290.765745359342,558,"","SC"
"CM","Loughborough","vancouver island and mainland inlets","0+","SC",NA,NA,NA,NA,79,145,2,4,NA,NA,NA,282.905944237995,318.816786834852,977,1,275.520757243581,623,"","SC"
"CM","Lower Fraser","fraser","0+","LFR",NA,NA,NA,NA,69,169,91,1,NA,NA,NA,291.617104879695,343.579024867866,1724,1,289.955094803108,1493,"","LFR"
"CM","Lower Nass","nass",NA,"LNR-P",NA,NA,NA,NA,89,138,0,6,202,259,23,242.359795720165,272.77540179329,164,1,237.120058797938,132,"","HecLow"
"CM","Lower Skeena","skeena",NA,"LSK",NA,NA,NA,NA,89,138,0,6,209,258,1,234.715756206655,265.538256790914,510,1,226.169685667648,407,"","HecLow"
"CM","Lower Stikine","transboundary",NA,"LStk",NA,NA,NA,NA,119,173,0,6,NA,NA,NA,NA,NA,0,6,NA,0,"","Taku"
"CM","Lynn Canal","transboundary",NA,"Lynn",NA,NA,NA,NA,119,173,0,6,NA,NA,NA,NA,NA,0,6,NA,0,"","Taku"
"CM","Middle Skeena","skeena",NA,"MSK",NA,NA,NA,NA,89,138,0,6,209,258,1,233.766475085323,261.24218888384,114,1,225.404782047151,99,"","HecLow"
"CM","Mussel-Kynoch","central coast",NA,"NC",NA,NA,NA,NA,65,135,0,6,NA,NA,NA,237.241380587126,278.804316169205,528,1,228.826486761969,400,"","NC"
"CM","North Haida Gwaii","haida gwaii",NA,"HG",NA,NA,NA,NA,84,151,0,6,NA,NA,NA,275.782426666059,299.941589114519,258,1,269.117431773733,186,"","HG"
"CM","North Haida Gwaii-Stanley Creek","haida gwaii",NA,"HG",NA,NA,NA,NA,84,151,0,6,NA,NA,NA,240.334150096269,269.950095367814,36,1,231.387544058472,29,"","HG"
"CM","Northeast Vancouver Island","vancouver island and mainland inlets",NA,"EVI",NA,NA,NA,NA,68,166,0,6,NA,NA,NA,277.33656527694,315.075651300616,475,1,275.629799001479,381,"","SC"
"CM","Northwest Vancouver Island","vancouver island and mainland inlets",NA,"WVI",NA,NA,NA,NA,58,145,0,6,NA,NA,NA,281.032136370061,305.318822314059,1303,1,275.977877930849,775,"","WVI"
"CM","Portland Canal-Observatory","nass",NA,"LNR-P",NA,NA,NA,NA,89,138,0,6,NA,NA,NA,216.503091227792,254.442447217081,361,1,208.933613165952,239,"","HecLow"
"CM","Portland Inlet","nass",NA,"LNR-P",NA,NA,NA,NA,89,138,0,6,NA,NA,NA,224.592301558006,260.712341476784,284,1,218.193568887193,212,"","HecLow"
"CM","Rivers Inlet","central coast",NA,"RSI",NA,NA,NA,NA,80,146,0,6,NA,NA,NA,242.050933444295,281.477353568252,331,1,232.393386698653,229,"","BCD"
"CM","Skeena Estuary","skeena",NA,"HecLow",NA,NA,NA,NA,89,138,0,6,209,258,1,245.682367952044,272.998081387112,107,1,244.953022810438,56,"","HecLow"
"CM","Skidegate","haida gwaii",NA,"HG",NA,NA,NA,NA,84,151,0,6,NA,NA,NA,258.700276955865,295.905135887214,1210,1,254.921440837463,955,"","HG"
"CM","Smith Inlet","central coast",NA,"RSI",NA,NA,NA,NA,80,146,0,6,NA,NA,NA,251.633627811709,290.495204179347,275,1,241.958115982728,204,"","BCD"
"CM","Southern Coastal Streams","vancouver island and mainland inlets",NA,"SC",NA,NA,NA,NA,68,166,0,6,NA,NA,NA,255.36418956473,299.001752190299,1091,1,251.937585344643,1079,"","SC"
"CM","Southwest & West Vancouver Island","vancouver island and mainland inlets","0+","WVI",NA,NA,NA,NA,58,145,12,1,NA,NA,NA,283.645135647027,320.215781669309,4157,1,278.169815260009,2305,"","WVI"
"CM","Spiller-Fitz-Hugh-Burke","central coast","0+","HecLow",NA,NA,NA,NA,103,145,10,2,NA,NA,NA,246.438160314753,287.381373368321,1745,1,242.248901669836,1173,"","HecLow"
"CM","Taku","transboundary","0+","Taku",NA,NA,NA,NA,119,173,2,4,NA,NA,NA,NA,NA,0,6,NA,0,"","Taku"
"CM","Unuk","transboundary",NA,"UNUK",NA,NA,NA,NA,119,173,0,6,NA,NA,NA,NA,NA,0,6,NA,0,"","Taku"
"CM","Upper Knight","vancouver island and mainland inlets","0+","SC",NA,NA,NA,NA,63,145,3,3,NA,NA,NA,250.737594649675,298.222243499422,155,1,242.859877131522,130,"","SC"
"CM","Upper Skeena","skeena",NA,"USK",NA,NA,NA,NA,89,138,0,6,209,258,1,234.1327088,270.497609,0,6,232.1813352,0,"","HecLow"
"CM","Wannock","central coast",NA,"RSI",NA,NA,NA,NA,80,146,0,6,NA,NA,NA,284.040322882448,329.298163879195,34,2,267.778923793182,24,"","BCD"
"CM","West Haida Gwaii","haida gwaii",NA,"HG",NA,NA,NA,NA,84,151,0,6,NA,NA,NA,260.993765235324,290.578754526942,1647,1,256.110424377641,1132,"","HG"
"CM","Whiting","transboundary",NA,"Whiting",NA,NA,NA,NA,119,173,0,6,NA,NA,NA,NA,NA,0,6,NA,0,"","Taku"
"CO","Alsek","transboundary",NA,"Alsek",120,169,0,6,119,212,0,6,272,290,10,NA,NA,0,6,183.1208137,0,"Taku","Taku"
"CO","Bella Coola-Dean Rivers","central coast",NA,"BCD",100,196,4,4,100,158,0,6,NA,NA,NA,283.65097015471,337.835276613204,397,1,260.860759105774,184,NA,"HecLow"
"CO","Boundary Bay","fraser","1+","BB",71,176,0,6,121,153,1,4,NA,NA,NA,279.496431809713,354.625359599608,1,3,296.856882302714,4,"LFR","BB"
"CO","Brim-Wahoo","central coast",NA,"NC",125,195,0,6,71,141,0,6,NA,NA,NA,263.2940447,313.9074395,0,6,248.3839824,0,"NC","NC"
"CO","Clayoquot","vancouver island and mainland inlets","1+","WVI",79,155,1,3,94,152,6,1,NA,NA,NA,285.235073072112,339.023598917732,441,1,275.810448555342,396,NA,"WVI"
"CO","Douglas Channel-Kitimat Arm","central coast","1+","NC",140,201,2,4,71,133,25,1,NA,NA,NA,270.25786968925,318.82525838347,480,1,246.645767526407,446,NA,"NC"
"CO","East Haida Gwaii","haida gwaii","1+","HG",96,164,5,2,120,155,24,1,NA,NA,NA,275.981182671404,310.053879331043,1977,1,269.226667241395,1513,NA,"HG"
"CO","East Vancouver Island-Georgia Strait","vancouver island and mainland inlets","1+","EVI",82,196,13,2,86,172,183,1,NA,NA,NA,298.603541921299,348.854984008725,2658,1,293.711175173708,2066,NA,"EVI"
"CO","East Vancouver Island-Johnstone Strait-Southern Fjords","vancouver island and mainland inlets","1+","EVI",82,196,0,6,112,163,1,4,NA,NA,NA,261.143223563909,318.801873744004,299,1,248.339226915083,229,"EVI","EVI"
"CO","Fraser Canyon","fraser",NA,"FRCany",115,196,0,6,109,171,0,6,NA,NA,NA,306.777805928524,353.009830774565,94,1,296.976157949167,87,"MFR","MFR"
"CO","Georgia Strait Mainland","vancouver island and mainland inlets","1+","SC",80,195,0,6,113,160,26,1,NA,NA,NA,278.525581883088,334.664146348871,801,1,275.969039169658,503,"SC","SC"
"CO","Haida Gwaii-Graham Island Lowlands","haida gwaii",NA,"HG",96,164,0,6,120,155,0,6,NA,NA,NA,268.024754383515,310.552931838008,680,1,250.238617978358,497,"HG","HG"
"CO","Hecate Strait Mainland","central coast","1+","HecLow",84,172,45,1,100,158,85,1,NA,NA,NA,250.807845382098,292.65594098956,3000,1,243.598772768517,2577,NA,"HecLow"
"CO","Homathko-Klinaklini Rivers","vancouver island and mainland inlets","1+","HK",103,151,4,3,63,149,3,3,NA,NA,NA,252.523837426032,313.931876582709,112,1,228.673008250142,86,NA,"HK"
"CO","Howe Sound-Burrard Inlet","vancouver island and mainland inlets","1+","SC",75,196,16,1,99,172,32,1,NA,NA,NA,272.469528512026,341.543129334031,743,1,282.234054460013,542,NA,"SC"
"CO","Interior Fraser","fraser","1+","MFR",115,196,4,4,109,171,3,3,NA,NA,NA,299.682047378794,346.632101903478,115,1,286.310151097015,92,NA,"MFR"
"CO","Juan de Fuca-Pachena","vancouver island and mainland inlets","1+","WVI",73,116,18,1,77,149,37,1,NA,NA,NA,290.848079537732,334.314125882012,497,1,281.788409798457,289,NA,"WVI"
"CO","Lillooet","fraser",NA,"FRCany",115,196,0,6,109,171,0,6,NA,NA,NA,300.190006931336,343.488895588356,378,2,289.435872102399,234,"MFR","MFR"
"CO","Lower Fraser","fraser","1+","LFR",71,176,13,1,98,182,87,1,NA,NA,NA,301.236991698618,362.179665957007,1838,1,301.601237924387,1451,NA,"LFR"
"CO","Lower Nass","nass","1+","LNR-P",84,172,0,6,123,167,22,1,NA,NA,NA,274.30066534381,321.085211893304,370,1,258.224991307422,313,"HecLow","LNR-P"
"CO","Lower Skeena","skeena","1+","LSK",84,172,0,6,126,153,2,4,233,282,1,287.922894578382,331.770338368659,1301,1,274.360702349661,1067,"HecLow","LSK"
"CO","Lower Stikine","transboundary","1+","LStk",120,169,0,6,110,150,20,1,NA,NA,NA,NA,NA,0,6,183.1208137,0,"Taku","LStk"
"CO","Lower Thompson","fraser","1+","LTh",110,181,4,4,104,187,6,2,NA,NA,NA,298.62399515633,340.298492336671,56,1,273.529183633556,57,NA,"LTh"
"CO","Lynn Canal","transboundary",NA,"Lynn",120,169,0,6,119,212,0,6,NA,NA,NA,NA,NA,0,6,183.1208137,0,"Taku","Taku"
"CO","Middle Skeena","skeena","1+","MSK",142,206,2,4,143,186,31,1,200,249,1,276.953020605714,312.227981308866,1127,1,265.10482872852,853,NA,"MSK"
"CO","Mussel-Kynoch","central coast",NA,"NC",125,195,0,6,71,141,0,6,NA,NA,NA,251.161812574198,289.14218445936,140,1,238.423060860708,187,"NC","NC"
"CO","Nahwitti Lowland","vancouver island and mainland inlets","1+","WVI",87,139,0,6,114,165,48,1,NA,NA,NA,269.69982226504,311.342464683488,982,1,264.232849274194,698,"WVI","WVI"
"CO","North Thompson","fraser",NA,"NTh",93,191,7,2,104,187,0,6,NA,NA,NA,303.878460859374,335.359517766423,974,1,289.591288473841,690,NA,"LTh"
"CO","Northern Coastal Streams","central coast","1+","NC",110,189,4,4,70,171,4,4,NA,NA,NA,260.698466082685,307.178410510539,1310,1,238.952704016744,1300,NA,"NC"
"CO","Portland Sound-Observatory Inlet-Portland Canal","nass","1+","LNR-P",84,172,0,6,118,149,7,2,NA,NA,NA,268.588572796222,313.227701932692,262,1,246.341551274119,312,"HecLow","LNR-P"
"CO","Rivers Inlet","central coast",NA,"RSI",100,196,0,6,100,158,0,6,NA,NA,NA,267.521817414597,326.710668361628,344,1,253.439511514724,307,"BCD","HecLow"
"CO","Skeena Estuary","skeena",NA,"HecLow",84,172,0,6,100,158,0,6,200,249,1,272.596219637226,312.260518561033,206,1,260.202008024679,208,"HecLow","HecLow"
"CO","Smith Inlet","central coast",NA,"RSI",100,196,0,6,100,158,0,6,NA,NA,NA,267.681216886065,316.456508410256,132,1,256.765393428979,92,"BCD","HecLow"
"CO","South Thompson","fraser",NA,"STh",95,175,4,4,104,187,0,6,NA,NA,NA,299.697963590359,335.08352986733,576,1,282.498175191539,478,NA,"LTh"
"CO","Southern Coastal Streams-Queen Charlotte Strait-Johnstone Strait-Southern Fjords","vancouver island and mainland inlets","1+","SC",100,189,4,4,106,164,7,1,NA,NA,NA,262.595031681501,312.768144977781,2110,1,247.994816012094,1895,NA,"SC"
"CO","Taku-Early Timing","transboundary","1+","Taku",120,169,1,4,119,212,3,4,NA,NA,NA,NA,NA,0,6,183.1208137,0,NA,"Taku"
"CO","Taku-Late Timing","transboundary","1+","Taku",120,169,1,4,119,212,3,4,NA,NA,NA,NA,NA,0,6,183.1208137,0,NA,"Taku"
"CO","Taku-Mid Timing","transboundary","1+","Taku",120,169,1,4,119,212,3,4,NA,NA,NA,NA,NA,0,6,183.1208137,0,NA,"Taku"
"CO","Unuk","transboundary",NA,"UNUK",120,169,0,6,119,212,0,6,NA,NA,NA,NA,NA,0,6,183.1208137,0,"Taku","Taku"
"CO","Upper Nass","nass",NA,"UNR",NA,NA,NA,NA,143,186,0,6,210,254,23,264.680085860031,312.847671291875,168,1,248.400762050665,171,"LSK","MSK"
"CO","Upper Skeena","skeena","1+","USK",92,177,2,4,111,191,5,1,200,249,1,271.308129952317,301.463842954222,118,1,251.606752959386,90,NA,"USK"
"CO","West Haida Gwaii","haida gwaii",NA,"HG",96,164,0,6,120,155,0,6,NA,NA,NA,275.384623851222,307.528239978125,504,1,266.239696108084,538,"HG","HG"
"CO","West Vancouver Island","vancouver island and mainland inlets","1+","WVI",110,159,5,2,105,181,41,1,NA,NA,NA,279.60448665122,337.174386726604,2146,1,276.251856376898,1034,NA,"WVI"
"CO","Whiting","transboundary",NA,"Whiting",120,169,0,6,119,212,0,6,NA,NA,NA,NA,NA,0,6,183.1208137,0,"Taku","Taku"
"PKE","East Haida Gwaii (even)","haida gwaii","0+","HG",NA,NA,NA,NA,106,131,1,4,NA,NA,NA,251.139299638776,280.668439895066,1066,1,242.484927281307,798,"","HG"
"PKE","Georgia Strait (even)","vancouver island and mainland inlets","0+","SC",NA,NA,NA,NA,72,105,1,4,NA,NA,NA,253.290045559929,283.583226480244,357,1,241.878617197669,227,"","SC"
"PKE","Hecate Lowlands (even)","central coast","0+","HecLow",NA,NA,NA,NA,96,132,18,1,NA,NA,NA,243.968357781647,274.343510211471,2326,1,240.373192921663,1795,"","HecLow"
"PKE","Hecate Strait-Fjords (even)","central coast","0+","NC",NA,NA,NA,NA,69,155,17,1,NA,NA,NA,232.394703335896,267.656016999694,2445,1,223.081494549722,2001,"","NC"
"PKE","Lower Skeena (even)","skeena",NA,"LSK",NA,NA,NA,NA,96,132,0,6,NA,NA,NA,232.2190817,265.7928065,0,6,225.7923298,0,"","HecLow"
"PKE","Middle-Upper Skeena (even)","skeena","0+","MSK",NA,NA,NA,NA,120,165,1,5,200,249,1,232.254977301105,257.668981047895,255,1,220.333632197919,189,"","MSK"
"PKE","Nass-Skeena Estuary (even)","skeena",NA,"LNR-P",NA,NA,NA,NA,96,132,0,6,200,249,1,233.613268585901,263.687777622103,1680,1,225.437512610101,1368,"","HecLow"
"PKE","North Haida Gwaii (even)","haida gwaii","0+","HG",NA,NA,NA,NA,104,149,1,4,NA,NA,NA,240.46013065109,267.89689991302,321,1,233.360916191398,237,"","HG"
"PKE","Northwest Vancouver Island (even)","vancouver island and mainland inlets",NA,"WVI",NA,NA,NA,NA,98,118,0,6,NA,NA,NA,247.733459993165,270.971681558081,142,2,243.858810349838,82,"","WVI"
"PKE","Southern Fjords (even)","vancouver island and mainland inlets","0+","SC",NA,NA,NA,NA,62,106,2,3,NA,NA,NA,242.811949886518,283.236285037126,1194,1,229.425562156719,953,"","SC"
"PKE","Transboundary Fjords (even)","transboundary",NA,"Taku",NA,NA,NA,NA,105,140,0,6,NA,NA,NA,NA,NA,0,6,NA,0,"","HG"
"PKE","Upper Nass (even)","nass",NA,"UNR",NA,NA,NA,NA,NA,NA,0,6,205,251,11,231.8347933,262.0462438,0,6,228.6621369,0,"","MSK"
"PKE","West Haida Gwaii (even)","haida gwaii",NA,"HG",NA,NA,NA,NA,105,140,0,6,NA,NA,NA,247.433380162547,275.789401549777,571,1,240.744049824418,469,"","HG"
"PKE","West Vancouver Island (even)","vancouver island and mainland inlets","0+","WVI",NA,NA,NA,NA,98,118,1,4,NA,NA,NA,250.28334491099,283.416465786849,553,1,243.8939075411,161,"","WVI"
"PKO","East Haida Gwaii (odd)","haida gwaii","0+","HG",NA,NA,NA,NA,73,124,4,4,NA,NA,NA,248.584883711133,275.827728277057,359,1,237.323423769132,283,"","HG"
"PKO","East Howe Sound-Burrard Inlet (odd)","vancouver island and mainland inlets",NA,"SC",NA,NA,NA,NA,66,124,0,6,NA,NA,NA,239.883918575603,283.988922949693,127,2,226.950691572404,59,"","SC"
"PKO","East Vancouver Island-Johnstone Strait (odd)","vancouver island and mainland inlets",NA,"EVI",NA,NA,NA,NA,66,124,0,6,NA,NA,NA,234.928127048808,278.134717025668,135,1,219.987593902132,109,"","SC"
"PKO","Fraser River (odd)","fraser","0+","LFR",NA,NA,NA,NA,76,160,57,1,232,268,8,271.637785895882,302.987894468558,418,2,266.828216450888,326,"","LFR"
"PKO","Georgia Strait (odd)","vancouver island and mainland inlets","0+","SC",NA,NA,NA,NA,66,122,6,1,NA,NA,NA,246.343197907163,281.239447047381,556,1,239.613575324441,378,"","SC"
"PKO","Hecate Strait-Fjords (odd)","central coast","0+","NC",NA,NA,NA,NA,75,151,13,1,NA,NA,NA,231.057985525541,267.056798486714,1962,1,221.240344514565,1646,"","NC"
"PKO","Hecate Strait-Lowlands (odd)","central coast","0+","HecLow",NA,NA,NA,NA,91,138,16,1,NA,NA,NA,243.382357698461,273.368713140804,2217,1,239.767032995373,1726,"","HecLow"
"PKO","Homathko-Klinaklini-Smith-Rivers-Bella Coola-Dean (odd)","central coast",NA,"RSI",NA,NA,NA,NA,91,138,0,6,NA,NA,NA,232.494245762077,270.967642634413,575,1,223.232013165915,481,"","HecLow"
"PKO","Lower Skeena River (odd)","skeena",NA,"LSK",NA,NA,NA,NA,91,138,0,6,200,249,1,233.734245918262,262.720214254516,472,1,225.790403720263,365,"","HecLow"
"PKO","Middle-Upper Skeena (odd)","skeena","0+","MSK",NA,NA,NA,NA,92,145,3,4,200,249,1,232.553027664755,260.596470814003,306,1,222.988960631658,226,"","MSK"
"PKO","Nahwitti (odd)","vancouver island and mainland inlets",NA,"WVI",NA,NA,NA,NA,91,138,0,6,NA,NA,NA,242.49547533414,279.892930340883,159,1,234.929626942984,142,"","HecLow"
"PKO","Nass-Portland-Observatory (odd)","nass",NA,"LNR-P",NA,NA,NA,NA,91,138,0,6,NA,NA,NA,225.763853811059,257.186905445325,652,1,217.736686861493,539,"","HecLow"
"PKO","Nass-Skeena Estuary (odd)","skeena",NA,"HecLow",NA,NA,NA,NA,91,138,0,6,200,249,1,242.137599850241,271.115537697624,527,1,234.424362376339,398,"","HecLow"
"PKO","North Haida Gwaii (odd)","haida gwaii",NA,"HG",NA,NA,NA,NA,73,124,0,6,NA,NA,NA,237.768479754817,266.300620554133,113,2,229.250854997427,86,"","HG"
"PKO","Southern Fjords (odd)","vancouver island and mainland inlets","0+","SC",NA,NA,NA,NA,66,130,2,4,NA,NA,NA,241.9596265865,279.161528437166,559,1,229.538180194923,421,"","SC"
"PKO","Transboundary Fjords (odd)","transboundary",NA,"Taku",NA,NA,NA,NA,73,124,0,6,NA,NA,NA,NA,NA,0,6,NA,0,"","HG"
"PKO","Upper Nass (odd)","nass",NA,"UNR",NA,NA,NA,NA,92,145,0,6,200,254,12,231.8347933,262.0462438,0,6,228.6621369,0,"","MSK"
"PKO","West Haida Gwaii (odd)","haida gwaii",NA,"HG",NA,NA,NA,NA,73,124,0,6,NA,NA,NA,243.865771040079,271.667160753905,65,1,244.568207062319,65,"","HG"
"PKO","West Vancouver Island (odd)","vancouver island and mainland inlets",NA,"WVI",NA,NA,NA,NA,91,138,0,6,NA,NA,NA,252.228975565695,283.192229834324,108,1,258.783689191447,112,"","HecLow"
"SEL","Adams-Early Summer","fraser","1+","STh",86,148,0,6,127,157,3,3,NA,NA,NA,247.9383502,278.1697474,0,6,239.2683957,0,"STh","STh"
"SEL","Adams & Momich Lakes-Early Summer","fraser","1+","STh",86,148,0,6,127,157,3,3,194,238,NA,240.465159462882,262.536664791814,112,1,238.211651363617,52,"STh","STh"
"SEL","Ain-Skundale-Ian","haida gwaii",NA,"HG",118,158,0,6,111,136,0,6,NA,NA,NA,216.532278066291,252.206575843696,46,1,158.119158901203,33,"HecLow","HG"
"SEL","Alastair","skeena","1+","LSK",100,154,0,6,126,164,2,3,156.328,227.672,1,236.725677705439,284.661264930405,109,1,228.800668967936,73,"LSK","LSK"
"SEL","Alice","vancouver island and mainland inlets",NA,"WVI",111,129,0,6,101,154,0,6,NA,NA,NA,207.392208520857,240.712952119487,20,2,201.204954549855,12,"WVI","WVI"
"SEL","Alouette-Early Summer","fraser","1+","LFR",108,157,0,6,107,150,19,1,NA,NA,NA,247.9383502,278.1697474,0,6,239.2683957,0,"MFR","LFR"
"SEL","Anderson-Seton-Early Summer","fraser","1+","MFR",93,148,3,3,106,143,18,1,194,238,NA,225.921291524735,266.921828546686,98,3,225.651036408768,77,NA,"MFR"
"SEL","Asitika","skeena",NA,"USK",138,181,0,6,144,175,0,6,175.06,229.94,1,252.850079133103,281.42858335908,32,1,240.254581976511,19,"MSK","USK"
"SEL","Awun","haida gwaii",NA,"HG",118,158,0,6,111,136,0,6,NA,NA,NA,222.291951307468,252.573324928492,57,1,149.7913481758,43,"HecLow","HG"
"SEL","Azuklotz","skeena",NA,"USK",138,181,0,6,144,175,0,6,175.06,229.94,1,239.059440617749,269.240986942894,52,1,231.99686725024,23,"MSK","USK"
"SEL","Babine (enhanced)","skeena","1+","MSK",140,168,2,4,136,170,40,1,178.56,233.44,1,238.1674953,272.7263457,0,6,223.8214257,0,NA,"MSK"
"SEL","Babine/Onerka","skeena","1+","MSK",140,191,2,4,127,195,44,1,168.06,222.94,1,226.89102430377,265.035208321046,797,1,220.541014146008,403,NA,"MSK"
"SEL","Backland","central coast",NA,"NC",118,158,0,6,108,149,0,6,NA,NA,NA,229.14170312588,275.373432422499,30,1,196.480393885617,25,"HecLow","HecLow"
"SEL","Banks","central coast",NA,"HecLow",118,158,0,6,108,149,0,6,NA,NA,NA,225.048065209877,262.35592303057,30,1,177.844725979665,18,"HecLow","HecLow"
"SEL","Bear","skeena","1+","USK",138,181,0,6,144,175,0,6,175.06,229.94,1,243.996367597606,273.286097421278,93,1,238.677842079113,47,"MSK","USK"
"SEL","Blanchard","transboundary",NA,"Alsek",100,154,0,6,142,172,0,6,NA,NA,NA,NA,NA,0,6,235.4961766,0,"LSK","LStk"
"SEL","Bloomfield","central coast",NA,"HecLow",118,158,0,6,108,149,0,6,NA,NA,NA,231.582977660594,261.068310956831,46,1,210.812266861442,38,"HecLow","HecLow"
"SEL","Bolton Creek","central coast",NA,"HecLow",118,158,0,6,108,149,0,6,NA,NA,NA,209.974258651601,251.063942563856,11,2,174.889087059909,7,"HecLow","HecLow"
"SEL","Bonilla","central coast",NA,"HecLow",118,158,0,6,108,149,0,6,NA,NA,NA,228.052024767993,266.084822041684,42,1,176.011261997714,19,"HecLow","HecLow"
"SEL","Border","transboundary",NA,"UNUK",100,154,0,6,142,172,0,6,NA,NA,NA,NA,NA,0,6,235.4961766,0,"LSK","LStk"
"SEL","Borrowman Creek","central coast",NA,"HecLow",118,158,0,6,108,149,0,6,NA,NA,NA,230.972550709905,266.037341570235,25,1,207.66877963094,29,"HecLow","HecLow"
"SEL","Bowron-Early Summer","fraser",NA,"UFR",108,157,0,6,111,146,0,6,194,238,NA,229.075771521987,260.077719785522,85,3,217.993412311628,46,"MFR","MFR"
"SEL","Bowser","nass",NA,"UNR",138,181,0,6,130,168,0,6,177,233,6,222.437297968054,267.533704005933,21,2,206.817248040655,21,"MSK","MSK"
"SEL","Bulkley/Maxan","skeena",NA,"MSK",138,181,0,6,130,168,0,6,161.2,229.8,1,228.089749726134,260.755735561734,6,1,217.562097062919,1,"MSK","MSK"
"SEL","Busey Creek","central coast",NA,"HecLow",118,158,0,6,108,149,0,6,NA,NA,NA,170.231548361199,207.981785452485,9,2,197.738073252354,0,"HecLow","HecLow"
"SEL","Canoe Creek","vancouver island and mainland inlets",NA,"WVI",111,129,0,6,101,154,0,6,NA,NA,NA,164.529988169518,194.95228948566,3,2,196.71337125668,0,"WVI","WVI"
"SEL","Canoona","central coast",NA,"NC",118,158,0,6,108,149,0,6,NA,NA,NA,256.214564502924,287.15601893484,36,1,188.024680394263,44,"HecLow","HecLow"
"SEL","Cartwright Creek","central coast",NA,"HecLow",118,158,0,6,108,149,0,6,NA,NA,NA,192.251757319496,234.253485637169,3,4,197.742952634288,0,"HecLow","HecLow"
"SEL","Cecilia","vancouver island and mainland inlets",NA,"WVI",111,129,0,6,101,154,0,6,NA,NA,NA,161.964877064319,248.520353478652,7,2,166.261152640123,5,"WVI","WVI"
"SEL","Cheewat","vancouver island and mainland inlets",NA,"WVI",111,129,0,6,101,154,0,6,NA,NA,NA,254.009370717816,254.009436507708,32,2,59.6870739120964,18,"WVI","WVI"
"SEL","Chic Chic","central coast",NA,"HecLow",118,158,0,6,108,149,0,6,NA,NA,NA,225.1676333,257.0414345,0,6,197.7413495,0,"HecLow","HecLow"
"SEL","Chilko-Early Summer","fraser","1+","MFR",128,160,3,4,115,143,62,1,194,238,NA,243.934205840866,273.949321457808,18,5,239.273694718234,0,NA,"MFR"
"SEL","Chilko-Summer","fraser","1+","MFR",117,176,5,2,115,143,62,1,208,246,NA,252.975808472403,283.282287969982,83,5,227.452017497004,60,NA,"MFR"
"SEL","Chilliwack-Early Summer (cyclic)","fraser","1+","LFR",108,157,0,6,104,129,1,3,194,238,NA,225.665850239332,255.840105428263,49,5,217.801833483729,14,"MFR","LFR"
"SEL","Christina","transboundary",NA,"LStk",100,154,0,6,142,172,0,6,NA,NA,NA,NA,NA,0,6,235.4961766,0,"LSK","LStk"
"SEL","Chutine","transboundary",NA,"LStk",100,154,0,6,142,172,0,6,NA,NA,NA,NA,NA,0,6,235.4961766,0,"LSK","LStk"
"SEL","Citeyats","central coast",NA,"HecLow",118,158,0,6,108,149,0,6,NA,NA,NA,203.681875769964,253.807564937613,24,2,212.122453269007,7,"HecLow","HecLow"
"SEL","Clayoquot","vancouver island and mainland inlets",NA,"WVI",111,129,0,6,101,154,0,6,NA,NA,NA,300.600443821774,328.511608470691,26,1,273.401272366364,23,"WVI","WVI"
"SEL","Clements","nass",NA,"LNR-P",118,158,0,6,108,149,0,6,NA,NA,NA,195.702916647278,240.673943093672,34,2,181.016808225828,17,"HecLow","HecLow"
"SEL","Coquitlam-Early Summer","fraser","1+","LFR",108,157,0,6,124,137,1,3,NA,NA,NA,247.9383502,278.1697474,0,6,239.2683957,0,"MFR","LFR"
"SEL","Cultus-Late","fraser","1+","LFR",108,157,0,6,99,144,55,1,NA,NA,NA,312.917117948761,343.221904989143,52,5,265.674753711475,50,"MFR","LFR"
"SEL","Curtis Inlet","central coast",NA,"HecLow",118,158,0,6,108,149,0,6,NA,NA,NA,210.718113561714,248.28469499301,48,1,185.408611342798,26,"HecLow","HecLow"
"SEL","Dallain Creek","central coast",NA,"HecLow",118,158,0,6,108,149,0,6,NA,NA,NA,176.243461726417,211.012868430517,5,1,207.301326865786,3,"HecLow","HecLow"
"SEL","Damdochax","nass",NA,"UNR",138,181,0,6,130,168,0,6,163,233,6,235.193360406954,263.435918687961,37,1,207.516137908614,32,"MSK","MSK"
"SEL","Damshilgwit","skeena","1+","USK",138,181,0,6,144,165,4,3,175.06,229.94,1,234.8338236875,270.584367170873,8,1,224.388781699239,9,"MSK","USK"
"SEL","Deer","central coast",NA,"HecLow",118,158,0,6,108,149,0,6,NA,NA,NA,217.258931667519,261.05347444725,29,1,215.023650297543,14,"HecLow","HecLow"
"SEL","Deserted","vancouver island and mainland inlets",NA,"WVI",111,129,1,4,101,154,0,6,NA,NA,NA,201.211066928508,275.140629837531,10,2,275.285370442264,6,NA,"WVI"
"SEL","Devon","central coast",NA,"HecLow",118,158,0,6,108,149,0,6,NA,NA,NA,218.548796803957,266.66426640955,52,1,180.66081535388,29,"HecLow","HecLow"
"SEL","Dome","central coast",NA,"NC",118,158,0,6,108,149,0,6,NA,NA,NA,225.1676333,257.0414345,0,6,197.7413495,0,"HecLow","HecLow"
"SEL","Douglas Creek","central coast",NA,"HecLow",118,158,0,6,108,149,0,6,NA,NA,NA,204.508344054519,246.823141808839,9,2,196.008481852179,2,"HecLow","HecLow"
"SEL","Ecstall/Lower","skeena",NA,"LSK",100,154,0,6,128,164,0,6,158.932,211.068,1,247.614669210064,268.806468572606,8,1,176.184559283549,8,"LSK","LSK"
"SEL","Elizabeth","central coast",NA,"HecLow",118,158,0,6,108,149,0,6,NA,NA,NA,183.99619267973,205.662303307025,3,4,197.731225430441,0,"HecLow","HecLow"
"SEL","Elsie/Hoy","central coast",NA,"HecLow",118,158,0,6,108,149,0,6,NA,NA,NA,232.287202725958,272.599106667465,17,2,214.630721253847,14,"HecLow","HecLow"
"SEL","End Hill Creek","central coast",NA,"HecLow",118,158,0,6,108,149,0,6,NA,NA,NA,212.441482770791,262.147051684407,29,2,171.427494084355,17,"HecLow","HecLow"
"SEL","Evelyn","central coast",NA,"NC",118,158,0,6,108,149,0,6,NA,NA,NA,231.472249180258,275.130971669995,57,1,199.916143041915,48,"HecLow","HecLow"
"SEL","Evinrude Inlet","central coast",NA,"HecLow",118,158,0,6,108,149,0,6,NA,NA,NA,230.543115826125,265.008110425871,15,2,189.209099894173,10,"HecLow","HecLow"
"SEL","Fairfax","haida gwaii",NA,"HG",118,158,0,6,111,136,0,6,NA,NA,NA,198.429634875955,233.358833096399,13,1,186.166186192727,19,"HecLow","HG"
"SEL","Fairy","vancouver island and mainland inlets",NA,"WVI",111,129,0,6,101,154,0,6,NA,NA,NA,242.709154065102,284.106284324106,30,1,220.798771132134,26,"WVI","WVI"
"SEL","Fannie Cove","central coast",NA,"HecLow",118,158,0,6,108,149,0,6,NA,NA,NA,218.362260221827,257.706127906998,32,1,191.353142900799,20,"HecLow","HecLow"
"SEL","Footsore/Hodder","skeena",NA,"MSK",138,181,0,6,130,168,0,6,NA,NA,NA,238.1674953,272.7263457,0,6,223.8214257,0,"MSK","MSK"
"SEL","Francois-Fraser-Summer","fraser","1+","MFR",113,150,12,1,116,137,3,3,208,246,NA,257.229962287115,267.229363341008,109,5,237.904865425858,84,NA,"MFR"
"SEL","Fraser-Early Summer","fraser",NA,"MFR",108,157,0,6,111,146,0,6,NA,NA,NA,247.9383502,278.1697474,0,6,239.2683957,0,"MFR","MFR"
"SEL","Fred Wright","nass",NA,"UNR",138,181,0,6,130,168,0,6,NA,NA,NA,234.920283225174,271.034153220282,31,1,228.030295597874,27,"MSK","MSK"
"SEL","Freeda","central coast",NA,"HecLow",118,158,0,6,108,149,0,6,NA,NA,NA,217.493681985874,240.636246808284,20,1,220.776795293167,10,"HecLow","HecLow"
"SEL","Fulmore","vancouver island and mainland inlets",NA,"SC",118,158,0,6,105,154,0,6,NA,NA,NA,196.970136384932,253.389464815743,31,2,157.13320741805,33,"HecLow","SC"
"SEL","Gitanyow (Kitwanga/Kitwancool)","skeena","1+","MSK",138,181,0,6,123,146,20,1,171.084,247.916,1,223.834875482845,268.608293858018,10,1,205.606910033302,11,"MSK","MSK"
"SEL","Great Central","vancouver island and mainland inlets","1+","WVI",111,129,0,6,119,170,1,4,NA,NA,NA,227.5302542,260.9963424,0,6,196.7232409,0,"WVI","WVI"
"SEL","Harrison-Downstream Migrating-Late","fraser",NA,"LFR",108,157,0,6,107,142,0,6,217,254,NA,246.815394340349,282.744836973185,151,1,245.766444229187,86,"MFR","LFR"
"SEL","Harrison-Upstream Migrating-Late","fraser","1+","LFR",108,157,0,6,106,142,1,3,215,257,NA,265.191706953742,326.193092499037,117,5,277.171880622959,88,"MFR","LFR"
"SEL","Harrison River (river-type)","fraser",NA,NA,NA,NA,0,6,NA,NA,0,6,208,246,NA,247.9383502,278.1697474,0,6,239.2683957,0,NA,NA
"SEL","Hartley Bay","central coast",NA,"HecLow",118,158,0,6,108,149,0,6,NA,NA,NA,230.416844073584,273.110452762906,55,1,215.922429404228,41,"HecLow","HecLow"
"SEL","Henderson","vancouver island and mainland inlets",NA,"WVI",111,129,0,6,101,154,0,6,NA,NA,NA,262.065221038581,313.357917957009,37,2,236.124160059811,21,"WVI","WVI"
"SEL","Hesquiat","vancouver island and mainland inlets",NA,"WVI",111,129,0,6,101,154,0,6,NA,NA,NA,277.227007065887,317.158892900403,10,2,255.601277930166,9,"WVI","WVI"
"SEL","Hevenor Inlet","central coast",NA,"HecLow",118,158,0,6,108,149,0,6,NA,NA,NA,211.006794002405,242.721559174743,7,2,175.045335948481,5,"HecLow","HecLow"
"SEL","Heydon","vancouver island and mainland inlets","1+","SC",118,158,0,6,105,154,4,3,NA,NA,NA,185.716002650888,224.197722940501,37,1,170.293185505556,35,"HecLow","SC"
"SEL","Higgins Lagoon","central coast",NA,"HecLow",118,158,0,6,108,149,0,6,NA,NA,NA,202.412964502725,249.746703560639,9,2,179.394773555702,3,"HecLow","HecLow"
"SEL","Hobiton","vancouver island and mainland inlets","1+","WVI",111,129,0,6,106,151,1,4,NA,NA,NA,201.115479138875,253.859053823039,35,2,126.737383153402,24,"WVI","WVI"
"SEL","Ida-Bonanza","vancouver island and mainland inlets",NA,"EVI",118,158,0,6,105,154,0,6,NA,NA,NA,265.384792660435,296.116503208272,7,2,240.515048200042,4,"HecLow","SC"
"SEL","Jalun","haida gwaii",NA,"HG",118,158,0,6,111,136,0,6,NA,NA,NA,207.156102346673,241.448277889237,25,2,137.949451018145,17,"HecLow","HG"
"SEL","Jansen","vancouver island and mainland inlets",NA,"WVI",111,129,0,6,101,154,0,6,NA,NA,NA,188.016612122228,245.354811448366,21,2,189.866535661952,7,"WVI","WVI"
"SEL","Johanson","skeena",NA,"USK",138,181,0,6,144,175,0,6,175.06,229.94,1,239.060128801228,261.148447227518,18,2,205.726620804215,3,"MSK","USK"
"SEL","Johnston","skeena","1+","LSK",100,154,0,6,123,195,2,3,158.932,211.068,1,240.952077312085,276.966386973039,26,1,210.227377299269,16,"LSK","LSK"
"SEL","Kadjusdis River","central coast",NA,"HecLow",118,158,0,6,108,149,0,6,NA,NA,NA,231.05462736428,266.301475629256,39,1,184.77869524538,22,"HecLow","HecLow"
"SEL","Kainet Creek","central coast",NA,"NC",118,158,0,6,108,149,0,6,NA,NA,NA,226.703524601286,260.876989152758,40,1,194.705039145572,27,"HecLow","HecLow"
"SEL","Kakweiken","vancouver island and mainland inlets",NA,"SC",118,158,0,6,105,154,0,6,NA,NA,NA,223.331024553753,253.253349756872,32,2,197.315449799923,38,"HecLow","SC"
"SEL","Kamloops-Early Summer","fraser","1+","NTh",102,145,2,4,110,128,2,3,216,255,NA,239.876087819135,265.551332777239,225,1,232.647860040977,112,NA,"NTh"
"SEL","Kanim","vancouver island and mainland inlets",NA,"WVI",111,129,0,6,101,154,0,6,NA,NA,NA,146.069274681796,222.570340840721,1,4,75.2162497313892,1,"WVI","WVI"
"SEL","Kawkawa-Late","fraser",NA,"FRCany",138,181,0,6,110,142,0,6,NA,NA,NA,247.9383502,278.1697474,0,6,239.2683957,0,"MSK","FRCany"
"SEL","Kdelmashan Creek","central coast",NA,"HecLow",118,158,0,6,108,149,0,6,NA,NA,NA,238.210047324087,269.392245321612,22,1,181.453023594717,18,"HecLow","HecLow"
"SEL","Keecha","central coast",NA,"HecLow",118,158,0,6,108,149,0,6,NA,NA,NA,220.450954945172,257.172398115149,38,1,189.147098163474,21,"HecLow","HecLow"
"SEL","Kennedy","vancouver island and mainland inlets",NA,"WVI",111,129,0,6,101,154,0,6,NA,NA,NA,277.586490300826,309.852177947282,71,1,244.587708828082,63,"WVI","WVI"
"SEL","Kent Inlet Lagoon Creek","central coast",NA,"HecLow",118,158,0,6,108,149,0,6,NA,NA,NA,259.722695408748,286.087281690661,7,5,202.79535263664,10,"HecLow","HecLow"
"SEL","Kenzuwash Creeks","central coast",NA,"HecLow",118,158,0,6,108,149,0,6,NA,NA,NA,185.616816146134,235.99253029803,8,2,165.441398214117,3,"HecLow","HecLow"
"SEL","Keswar Creek","central coast",NA,"HecLow",118,158,0,6,108,149,0,6,NA,NA,NA,206.002740041686,243.581913598365,19,2,170.327277053636,10,"HecLow","HecLow"
"SEL","Kildidt Creek","central coast",NA,"HecLow",118,158,0,6,108,149,0,6,NA,NA,NA,201.508319928161,237.257822092283,3,4,204.466746688296,2,"HecLow","HecLow"
"SEL","Kildidt Lagoon Creek","central coast",NA,"HecLow",118,158,0,6,108,149,0,6,NA,NA,NA,262.878447989727,292.877005016878,1,4,191.066111989196,1,"HecLow","HecLow"
"SEL","Kimsquit","central coast",NA,"NC",118,158,0,6,108,149,0,6,NA,NA,NA,239.378643433789,294.090283620445,38,2,187.855814185299,27,"HecLow","HecLow"
"SEL","King Salmon","transboundary",NA,"Taku",100,154,0,6,125,185,0,6,172,214,15,NA,NA,0,6,235.4961766,0,"LSK","Taku"
"SEL","Kisameet","central coast",NA,"HecLow",118,158,0,6,108,149,0,6,NA,NA,NA,247.571790989251,277.956599280945,25,1,191.270515383162,15,"HecLow","HecLow"
"SEL","Kitkiata","central coast",NA,"NC",118,158,0,6,108,149,0,6,NA,NA,NA,226.114354440635,275.627560406464,49,1,193.667552393027,39,"HecLow","HecLow"
"SEL","Kitlope","central coast",NA,"NC",118,158,0,6,108,149,0,6,NA,NA,NA,219.864386602638,262.33429228284,58,1,192.348945670088,46,"HecLow","HecLow"
"SEL","Kitsumkalum","skeena","1+","LSK",100,154,0,6,130,150,4,3,168.2,236.8,1,248.14755561248,298.375109216464,173,1,236.27344781816,133,"LSK","LSK"
"SEL","Kluatantan","skeena",NA,"USK",138,181,0,6,144,175,0,6,161.2,229.8,1,224.51228016025,270.513557524831,2,3,228.452849432878,1,"MSK","USK"
"SEL","Kluayaz","skeena",NA,"USK",138,181,0,6,144,175,0,6,161.2,229.8,1,229.668585869013,275.66922047129,4,4,223.816205232447,0,"MSK","USK"
"SEL","Klukshu","transboundary",NA,"Alsek",100,154,0,6,142,172,0,6,212,274,10,NA,NA,0,6,235.4961766,0,"LSK","LStk"
"SEL","Koeye","central coast","1+","HecLow",118,158,0,6,110,145,8,1,NA,NA,NA,220.613127720835,266.666472996484,44,1,165.733866798469,27,"HecLow","HecLow"
"SEL","Kooryet","central coast",NA,"HecLow",118,158,0,6,108,149,0,6,NA,NA,NA,219.254281773866,253.391030001712,47,1,183.951528601039,28,"HecLow","HecLow"
"SEL","Kunsoot River","central coast",NA,"HecLow",118,158,0,6,108,149,0,6,NA,NA,NA,225.1676333,257.0414345,0,6,197.7413495,0,"HecLow","HecLow"
"SEL","Kuthai","transboundary",NA,"Taku",100,154,0,6,125,185,0,6,158,207,15,NA,NA,0,6,235.4961766,0,"LSK","Taku"
"SEL","Kwakwa Creek","central coast",NA,"HecLow",118,158,0,6,108,149,0,6,NA,NA,NA,227.107743269106,255.544406006002,41,1,187.767653025259,34,"HecLow","HecLow"
"SEL","Kwinageese","nass",NA,"UNR",138,181,0,6,130,168,0,6,170,226,6,217.5763824,265.1285267,0,6,209.7496377,0,"MSK","MSK"
"SEL","Lakelse","skeena","1+","LSK",100,154,7,2,129,165,5,1,158.932,211.068,1,230.57695414859,264.947498407212,216,1,219.01094173963,187,NA,"LSK"
"SEL","Leverson","nass",NA,"LNR-P",118,158,0,6,108,149,0,6,NA,NA,NA,200.045043967751,241.538567967427,6,NA,239.352154328154,2,"HecLow","HecLow"
"SEL","Lewis Creek","central coast",NA,"HecLow",118,158,0,6,108,149,0,6,NA,NA,NA,193.363332951172,243.310788368899,19,2,170.918074943629,9,"HecLow","HecLow"
"SEL","Lillooet-Harrison-Late","fraser","1+","LILL",108,157,0,6,106,142,1,3,217,254,NA,256.636956065664,293.53058850372,185,1,246.414329740785,100,"MFR","LILL"
"SEL","Limestone Creek","central coast",NA,"HecLow",118,158,0,6,108,149,0,6,NA,NA,NA,256.956832545313,286.513571082167,18,1,210.09884775406,24,"HecLow","HecLow"
"SEL","Little Trapper","transboundary",NA,"Taku",100,154,0,6,125,185,0,6,179,228,15,NA,NA,0,6,235.4961766,0,"LSK","Taku"
"SEL","Long","central coast",NA,"RSI",118,158,0,6,131,185,0,6,NA,NA,NA,252.229580589582,293.182025730857,85,1,218.34818984074,54,"HecLow","RSI"
"SEL","Loose","vancouver island and mainland inlets",NA,"SC",118,158,0,6,105,154,0,6,NA,NA,NA,227.5302542,260.9963424,0,6,196.7232409,0,"HecLow","SC"
"SEL","Lowe/Simpson/Weir","central coast",NA,"HecLow",118,158,0,6,108,149,0,6,NA,NA,NA,235.031393014659,272.125700201331,46,1,215.156691030385,34,"HecLow","HecLow"
"SEL","Mackenzie","vancouver island and mainland inlets",NA,"SC",118,158,0,6,105,154,0,6,NA,NA,NA,198.631623567916,263.052469297133,34,1,168.88353723936,32,"HecLow","SC"
"SEL","Maggie","vancouver island and mainland inlets",NA,"WVI",111,129,0,6,101,154,0,6,NA,NA,NA,258.420183978018,278.41905495594,1,5,242.521420539689,2,"WVI","WVI"
"SEL","Marian/Eden","haida gwaii",NA,"HG",118,158,0,6,111,136,0,6,NA,NA,NA,227.761316504389,261.778538468742,61,1,171.361172317442,41,"HecLow","HG"
"SEL","Marie","haida gwaii",NA,"HG",118,158,0,6,111,136,0,6,NA,NA,NA,215.0391373,249.6640771,0,6,152.1117533,0,"HecLow","HG"
"SEL","Mary Cove Creek","central coast","1+","HecLow",118,158,0,6,105,146,24,1,NA,NA,NA,231.07174537808,274.817628444498,38,1,196.952667854682,21,"HecLow","HecLow"
"SEL","Mathers","haida gwaii","1+","HG",118,158,0,6,111,136,2,4,NA,NA,NA,216.649793498441,248.66669964988,19,1,140.005226501809,23,"HecLow","HG"
"SEL","Mcdonald Creek","central coast",NA,"HecLow",118,158,0,6,108,149,0,6,NA,NA,NA,232.448006216176,263.162508294009,20,2,208.743056740409,16,"HecLow","HecLow"
"SEL","Mcdonell/Dennis/Aldrich","skeena","1+","LSK",100,154,0,6,134,148,2,3,169.292,207.708,1,228.303424418561,262.814072804619,30,1,220.776203192891,20,"LSK","LSK"
"SEL","Mcloughlin","central coast",NA,"HecLow",118,158,0,6,108,149,0,6,NA,NA,NA,221.915313901758,265.408719384387,33,2,184.606605658854,20,"HecLow","HecLow"
"SEL","Megin","vancouver island and mainland inlets",NA,"WVI",111,129,0,6,101,154,0,6,NA,NA,NA,226.218798408608,312.041526732559,28,1,199.976902889653,23,"WVI","WVI"
"SEL","Mercer","haida gwaii",NA,"HG",118,158,0,6,111,136,0,6,NA,NA,NA,215.608882304618,239.51001927979,39,1,176.0705847142,25,"HecLow","HG"
"SEL","Meziadin","nass",NA,"UNR",138,181,0,6,130,168,0,6,163,233,6,205.580713577469,303.665615978093,24,1,182.541130948011,31,"MSK","MSK"
"SEL","Mikado","central coast",NA,"HecLow",118,158,0,6,108,149,0,6,NA,NA,NA,224.749198904949,267.963734067651,49,1,176.438447897096,29,"HecLow","HecLow"
"SEL","Momich-Early Summer","fraser",NA,"STh",86,148,0,6,118,157,0,6,NA,NA,NA,247.9383502,278.1697474,0,6,239.2683957,0,"STh","STh"
"SEL","Monckton Inlet Creek","central coast",NA,"HecLow",118,158,0,6,108,149,0,6,NA,NA,NA,208.193331849222,234.340108310759,15,2,216.961422549511,5,"HecLow","HecLow"
"SEL","Morice/Atna","skeena","1+","MSK",138,181,0,6,139,173,4,3,161.2,229.8,1,244.342915652745,274.983877837771,107,1,230.740315993389,58,"MSK","MSK"
"SEL","Motase","skeena",NA,"USK",138,181,0,6,144,175,0,6,179.316,239.684,1,246.511867642836,270.962063565485,31,1,232.305451570021,21,"MSK","USK"
"SEL","Muchalat","vancouver island and mainland inlets",NA,"WVI",111,129,0,6,101,154,0,6,NA,NA,NA,215.281630084957,294.850616123314,48,1,179.554020258469,31,"WVI","WVI"
"SEL","Muriel","vancouver island and mainland inlets","1+","WVI",111,129,0,6,86,148,1,4,NA,NA,NA,306.305683666205,329.657825023411,7,1,306.698947965504,2,"WVI","WVI"
"SEL","Nadina-Francois-Early Summer","fraser","1+","MFR",108,157,0,6,110,142,1,3,194,238,NA,246.926984761281,277.609902422933,204,5,230.563942845573,142,"MFR","MFR"
"SEL","Nahatlatch-Early Summer","fraser","1+","FRCany",108,157,0,6,110,142,2,3,194,238,NA,230.451050067425,271.450124607595,54,3,235.192288051501,21,"MFR","FRCany"
"SEL","Nahwitti","vancouver island and mainland inlets",NA,"EVI",118,158,0,6,105,154,0,6,NA,NA,NA,222.499682394516,272.392405513977,38,2,151.084327242491,41,"HecLow","SC"
"SEL","Namu","central coast",NA,"HecLow",118,158,0,6,108,149,0,6,NA,NA,NA,218.119554071342,267.349438076103,42,1,165.491866262354,22,"HecLow","HecLow"
"SEL","Nesketahin","transboundary",NA,"Alsek",100,154,0,6,142,172,0,6,NA,NA,NA,NA,NA,0,6,235.4961766,0,"LSK","LStk"
"SEL","Nilkitkwa","skeena","1+","MSK",137,182,2,3,130,169,73,1,189.06,243.94,1,238.1674953,272.7263457,0,6,223.8214257,0,NA,"MSK"
"SEL","Nimpkish","vancouver island and mainland inlets",NA,"EVI",118,158,0,6,105,154,0,6,NA,NA,NA,212.914891462427,287.918288219049,42,1,140.867223440459,41,"HecLow","SC"
"SEL","Nitinat","vancouver island and mainland inlets",NA,"WVI",111,129,0,6,101,154,0,6,NA,NA,NA,277.69222895211,309.741687171125,10,1,228.513080011033,14,"WVI","WVI"
"SEL","North Barriere-Early Summer","fraser","1+","NTh",102,145,0,6,110,142,1,3,NA,NA,NA,247.9383502,278.1697474,0,6,239.2683957,0,"NTh","NTh"
"SEL","North Barriere-Early Summer (de novo)","fraser","1+","NTh",102,145,0,6,110,142,1,3,206,241,NA,228.640667835932,256.59364608013,74,1,226.41327859353,39,"NTh","NTh"
"SEL","O'Connell","vancouver island and mainland inlets",NA,"WVI",111,129,0,6,101,154,0,6,NA,NA,NA,215.199236244522,252.342751533008,30,2,204.051527614572,18,"WVI","WVI"
"SEL","Osoyoos","columbia","1+","OK",98,124,16,1,148,166,3,4,206.32,237.68,1,272.583688331482,318.581799060099,2,5,253.500888245232,2,NA,"OK"
"SEL","Oweegee","nass",NA,"UNR",138,181,0,6,130,168,0,6,NA,NA,NA,233.313563622912,271.31443125106,2,5,219.949856239662,2,"MSK","MSK"
"SEL","Owikeno","central coast","0+,1+","RSI",118,158,0,6,131,185,4,3,NA,NA,NA,246.953412307697,291.495963540429,400,1,238.031605078469,256,"HecLow","RSI"
"SEL","Park River","vancouver island and mainland inlets",NA,"WVI",111,129,0,6,101,154,0,6,NA,NA,NA,182.476655417714,235.739893905362,26,2,192.449083090451,9,"WVI","WVI"
"SEL","Phillips","vancouver island and mainland inlets",NA,"SC",118,158,0,6,105,154,0,6,NA,NA,NA,207.138950211589,260.242956144721,46,1,194.419564732502,37,"HecLow","SC"
"SEL","Pine River","central coast",NA,"NC",118,158,0,6,108,149,0,6,NA,NA,NA,212.089885596844,246.280856223786,18,2,192.008182019782,7,"HecLow","HecLow"
"SEL","Pitt-Early Summer","fraser",NA,"LFR",108,157,0,6,107,142,0,6,194,238,NA,237.203509876324,271.704082888598,135,5,225.248179294075,59,"MFR","LFR"
"SEL","Port John","central coast","1+","HecLow",105,130,1,4,106,162,13,2,NA,NA,NA,234.649715388884,284.120679837921,40,1,187.141473415836,22,NA,"HecLow"
"SEL","Power","vancouver island and mainland inlets",NA,"WVI",111,129,0,6,101,154,0,6,NA,NA,NA,224.589060829312,271.503595029088,18,2,251.635363345061,7,"WVI","WVI"
"SEL","Powles Creek","central coast",NA,"HecLow",118,158,0,6,108,149,0,6,NA,NA,NA,209.261691234655,227.060803201145,8,1,204.643263144865,10,"HecLow","HecLow"
"SEL","Price Creek","central coast",NA,"HecLow",118,158,0,6,108,149,0,6,NA,NA,NA,231.202801557583,258.309340255464,36,1,195.60676963056,33,"HecLow","HecLow"
"SEL","Prudhomme","skeena",NA,"HecLow",118,158,0,6,108,149,0,6,NA,NA,NA,246.504650527084,279.763969832039,55,1,245.358904394047,37,"HecLow","HecLow"
"SEL","Quatse","vancouver island and mainland inlets",NA,"EVI",118,158,0,6,105,154,0,6,NA,NA,NA,200.69991945667,246.70018671655,42,1,145.587755995656,40,"HecLow","SC"
"SEL","Quesnel-Summer (cyclic)","fraser","1+","MFR",105,165,7,2,106,144,3,3,212,250,NA,248.057177792052,272.972282988972,550,1,245.56393658409,249,NA,"MFR"
"SEL","Roderick","central coast","1+","HecLow",121,165,7,1,110,147,21,1,NA,NA,NA,233.239346002722,263.663175309429,23,1,203.662023371899,12,NA,"HecLow"
"SEL","Ryan Creek","central coast",NA,"HecLow",118,158,0,6,108,149,0,6,NA,NA,NA,216.016512635386,253.76783432931,19,1,197.84560146645,13,"HecLow","HecLow"
"SEL","Sakinaw","vancouver island and mainland inlets",NA,"SC",118,158,0,6,105,154,0,6,NA,NA,NA,249.549155272065,300.268388247571,26,1,199.838824306804,25,"HecLow","SC"
"SEL","Salter","central coast",NA,"HecLow",118,158,0,6,108,149,0,6,NA,NA,NA,202.66903492812,246.544511246808,9,2,208.464642549005,3,"HecLow","HecLow"
"SEL","Schoen","vancouver island and mainland inlets",NA,"EVI",118,158,0,6,105,154,0,6,NA,NA,NA,227.5302542,260.9963424,0,6,196.7232409,0,"HecLow","SC"
"SEL","Scoular/Kilpatrick","central coast",NA,"HecLow",118,158,0,6,108,149,0,6,NA,NA,NA,218.651758910578,260.157461037186,32,1,196.027044150844,19,"HecLow","HecLow"
"SEL","Seton-Late (de novo)","fraser","1+","MFR",107,133,1,4,106,151,17,1,217,257,NA,288.092631618025,312.760267168921,67,3,281.365914530756,33,NA,"MFR"
"SEL","Seton-Summer","fraser","1+","MFR",108,157,0,6,115,143,15,1,NA,NA,NA,247.9383502,278.1697474,0,6,239.2683957,0,"MFR","MFR"
"SEL","Shawatlan","skeena",NA,"HecLow",118,158,0,6,108,149,0,6,NA,NA,NA,253.137528293094,289.875894048626,45,1,251.010490331401,22,"HecLow","HecLow"
"SEL","Sheneeza Inlet","central coast",NA,"HecLow",118,158,0,6,108,149,0,6,NA,NA,NA,203.234416298691,241.214181196764,27,1,191.204302599036,15,"HecLow","HecLow"
"SEL","Ship Point Creek","central coast",NA,"HecLow",118,158,0,6,108,149,0,6,NA,NA,NA,199.94157213331,243.377614780593,21,2,182.196480896538,11,"HecLow","HecLow"
"SEL","Shushartie","vancouver island and mainland inlets",NA,"EVI",118,158,0,6,105,154,0,6,NA,NA,NA,192.539050398924,248.644845543681,19,2,150.229500419142,26,"HecLow","SC"
"SEL","Shuswap-Early Summer (cyclic)","fraser","1+","STh",86,148,7,2,123,157,4,3,194,238,NA,237.254849251868,275.315843958546,390,1,235.246656257257,211,NA,"STh"
"SEL","Shuswap-Late (cyclic)","fraser","1+","STh",86,148,7,2,106,157,6,1,217,254,NA,275.215410367482,309.464978068427,748,1,275.176264396659,293,NA,"STh"
"SEL","Sicintine","skeena",NA,"USK",138,181,0,6,144,175,0,6,175.06,229.94,1,238.1674953,272.7263457,0,6,223.8214257,0,"MSK","USK"
"SEL","Skidegate","haida gwaii",NA,"HG",118,158,0,6,111,136,0,6,NA,NA,NA,222.442100618731,250.672035361582,61,1,120.611910383411,43,"HecLow","HG"
"SEL","Slamgeesh","skeena","1+","USK",138,181,0,6,144,165,4,3,175.06,229.94,1,241.028026958477,268.856788924793,7,1,218.638350699878,4,"MSK","USK"
"SEL","Soda Creek","central coast",NA,"NC",118,158,0,6,108,149,0,6,NA,NA,NA,225.1676333,257.0414345,0,6,197.7413495,0,"HecLow","HecLow"
"SEL","South Atnarko Lakes","central coast",NA,"RSI",118,158,0,6,131,185,0,6,NA,NA,NA,225.1676333,257.0414345,0,6,197.7413495,0,"HecLow","RSI"
"SEL","Spawning","skeena",NA,"USK",138,181,0,6,144,175,0,6,175.06,229.94,1,239.794382929323,274.206029279937,1,5,223.811698264231,0,"MSK","USK"
"SEL","Spencer Creek","central coast",NA,"HecLow",118,158,0,6,108,149,0,6,NA,NA,NA,206.06964898428,240.979684850991,24,1,194.505272823235,6,"HecLow","HecLow"
"SEL","Sproat","vancouver island and mainland inlets","1+","WVI",111,129,0,6,99,152,21,1,NA,NA,NA,227.5302542,260.9963424,0,6,196.7232409,0,"WVI","WVI"
"SEL","Stannard Creek","central coast",NA,"HecLow",118,158,0,6,108,149,0,6,NA,NA,NA,216.91189591334,249.912378686256,11,2,217.160972005555,5,"HecLow","HecLow"
"SEL","Stephens","skeena","1+","MSK",138,181,0,6,130,148,2,3,170.804,220.196,1,246.749448458495,274.483149147718,164,1,234.326375634514,136,"MSK","MSK"
"SEL","Sustut","skeena","1+","USK",138,181,0,6,145,195,2,3,175.06,229.94,1,240.694959545002,267.127151133398,20,1,216.512431591551,6,"MSK","USK"
"SEL","Swan/Club","skeena","1+","MSK",138,181,0,6,130,168,0,6,170.804,220.196,1,238.1674953,272.7263457,0,6,223.8214257,0,"MSK","MSK"
"SEL","Tahlo/Morrison","skeena","1+","MSK",138,181,0,6,152,165,2,5,175.06,229.94,1,237.546183739958,268.493705312526,68,1,231.559846735611,32,"MSK","MSK"
"SEL","Tahltan","transboundary","1+","LStk",100,154,0,6,142,172,33,1,NA,NA,NA,NA,NA,0,6,235.4961766,0,"LSK","LStk"
"SEL","Takla-Trembleur-Early Stuart (cyclic)","fraser","1+","MFR",103,152,47,1,110,159,3,3,179,207,NA,210.587930815854,231.874644252317,1516,1,209.246696577233,950,NA,"MFR"
"SEL","Takla-Trembleur-Stuart-Summer (cyclic)","fraser","1+","MFR",108,157,0,6,113,159,3,3,208,246,NA,254.678218390695,272.237861400708,332,5,245.422730622935,156,"MFR","MFR"
"SEL","Talamoosa Creek","central coast",NA,"HecLow",118,158,0,6,108,149,0,6,NA,NA,NA,220.5788097489,257.310244405448,20,1,205.127327980907,19,"HecLow","HecLow"
"SEL","Tankeeah River","central coast",NA,"HecLow",118,158,0,6,108,149,0,6,NA,NA,NA,229.701372306665,269.23399580782,41,1,204.351594159173,24,"HecLow","HecLow"
"SEL","Taseko-Early Summer","fraser",NA,"MFR",108,157,0,6,111,146,0,6,194,238,NA,220.764214417846,260.336729286496,30,1,224.076305054871,15,"MFR","MFR"
"SEL","Tatsamenie","transboundary","1+","Taku",100,154,0,6,125,185,10,1,193,256,15,NA,NA,0,6,235.4961766,0,"LSK","Taku"
"SEL","Treneman Creek","central coast",NA,"HecLow",118,158,0,6,108,149,0,6,NA,NA,NA,263.775161789777,288.775921888655,2,3,209.794016051397,3,"HecLow","HecLow"
"SEL","Tsimtack/Moore/Roger","central coast",NA,"HecLow",118,158,0,6,108,149,0,6,NA,NA,NA,232.553567557311,277.756920255338,47,1,208.309232345199,32,"HecLow","HecLow"
"SEL","Tuno Creek East","central coast",NA,"HecLow",118,158,0,6,108,149,0,6,NA,NA,NA,234.103505293836,267.04184968212,15,2,199.499002630608,14,"HecLow","HecLow"
"SEL","Tuno Creek West","central coast",NA,"HecLow",118,158,0,6,108,149,0,6,NA,NA,NA,223.272666179886,258.072761863443,18,2,199.855185046404,14,"HecLow","HecLow"
"SEL","Tyler Creek","central coast",NA,"HecLow",118,158,0,6,108,149,0,6,NA,NA,NA,235.009883854697,235.015443102124,2,5,207.798617983915,3,"HecLow","HecLow"
"SEL","Tzoonie","vancouver island and mainland inlets",NA,"SC",118,158,0,6,105,154,0,6,NA,NA,NA,200.236536320105,236.612625702831,11,1,205.478553685609,4,"HecLow","SC"
"SEL","Vernon","vancouver island and mainland inlets",NA,"WVI",111,129,0,6,101,154,0,6,NA,NA,NA,227.5302542,260.9963424,0,6,196.7232409,0,"WVI","WVI"
"SEL","Wale Creek","central coast",NA,"HecLow",118,158,0,6,108,149,0,6,NA,NA,NA,228.063114987637,267.355288218045,21,1,204.82153131168,20,"HecLow","HecLow"
"SEL","Wannock (Owikeno)","central coast","0+,1+","RSI",118,158,0,6,131,185,4,3,NA,NA,NA,256.076276265986,320.483040357048,37,1,216.792437943589,25,"HecLow","RSI"
"SEL","Watt Bay","central coast",NA,"HecLow",118,158,0,6,108,149,0,6,NA,NA,NA,168.498021598419,214.50020811563,1,4,197.744268656228,0,"HecLow","HecLow"
"SEL","West Creek","central coast",NA,"HecLow",118,158,0,6,108,149,0,6,NA,NA,NA,200.21126583645,246.02394914574,12,2,181.539969480002,4,"HecLow","HecLow"
"SEL","Whiting","transboundary",NA,"Whiting",100,154,0,6,142,172,0,6,NA,NA,NA,NA,NA,0,6,235.4961766,0,"LSK","LStk"
"SEL","William-Brink","vancouver island and mainland inlets",NA,"WVI",111,129,0,6,101,154,0,6,NA,NA,NA,167.250147302399,195.925810549186,7,2,196.714728776972,0,"WVI","WVI"
"SEL","Woss","vancouver island and mainland inlets",NA,"EVI",118,158,0,6,105,154,0,6,NA,NA,NA,227.5302542,260.9963424,0,6,196.7232409,0,"HecLow","SC"
"SEL","Yaaklele Lagoon","central coast",NA,"HecLow",118,158,0,6,108,149,0,6,NA,NA,NA,201.792350237768,239.401792119057,18,2,157.939587806352,10,"HecLow","HecLow"
"SEL","Yakoun","haida gwaii",NA,"HG",118,158,0,6,111,136,0,6,NA,NA,NA,220.194267541335,255.059428670517,59,1,128.765806848425,46,"HecLow","HG"
"SEL","Yeo","central coast",NA,"HecLow",118,158,0,6,108,149,0,6,NA,NA,NA,231.464626074881,255.067890841085,40,1,209.215695279034,18,"HecLow","HecLow"
"SER","Alsek (river-type)","transboundary",NA,"Alsek",110,181,0,6,125,243,0,6,NA,NA,NA,NA,NA,0,6,202.9912897,0,"Taku","Taku"
"SER","Chilkat (river-type)","transboundary",NA,"Lynn",110,181,0,6,125,243,0,6,NA,NA,NA,NA,NA,0,6,202.9912897,0,"Taku","Taku"
"SER","East Haida Gwaii (river-type)","haida gwaii",NA,"HG",71,189,0,6,69,119,0,6,NA,NA,NA,245.050417934268,271.537827689291,39,1,245.34997452236,44,"NC","NC"
"SER","East Vancouver Island & Georgia Strait (river-type)","vancouver island and mainland inlets",NA,"EVI",101,127,1,4,81,118,0,6,NA,NA,NA,247.695496603156,282.883304928715,238,1,233.049590823808,223,NA,"SC"
"SER","Harrison River (river-type)","fraser","0+","LFR",101,127,0,6,163,207,1,3,NA,NA,NA,293.421635028761,342.643092226485,72,5,292.981215106234,37,"EVI","LFR"
"SER","Lower Nass-Portland (river-type)","nass","1+","LNR-P",71,189,0,6,134,153,1,4,156,198,6,197.247796843221,230.740222942338,123,1,196.609522539697,94,"NC","LNR-P"
"SER","North Haida Gwaii (river-type)","haida gwaii",NA,"HG",71,189,0,6,69,119,0,6,NA,NA,NA,202.461724034743,226.262701277762,15,1,227.586813938782,1,"NC","NC"
"SER","Northern Coastal Fjords (river-type)","central coast","1+","NC",71,189,2,4,69,119,23,1,NA,NA,NA,243.889862453818,274.306918885092,466,1,218.785481405345,487,NA,"NC"
"SER","Northern Coastal Streams (river-type)","central coast",NA,"NC",71,189,0,6,69,119,0,6,NA,NA,NA,200.825920056352,234.046971786582,145,1,223.901406955414,91,"NC","NC"
"SER","Northern Transboundary Fjords (river-type)","transboundary","0+","Taku",110,181,1,4,125,243,4,4,165,228,15,NA,NA,0,6,202.9912897,0,NA,"Taku"
"SER","Northern Transboundary Fjords (river-type)","transboundary","1+","Taku",110,181,1,4,125,243,4,4,165,228,15,NA,NA,0,6,202.9912897,0,NA,"Taku"
"SER","NW Vancouver Island (river-type)","vancouver island and mainland inlets",NA,"WVI",71,189,0,6,110,153,0,6,NA,NA,NA,248.573079462833,279.133848489823,21,1,256.051798068558,26,"NC","WVI"
"SER","Rivers-Smith Inlets (river-type)","central coast","0+,1+","RSI",101,127,0,6,131,185,4,3,NA,NA,NA,241.765390545073,274.890887372656,11,5,232.243589999069,12,"EVI","RSI"
"SER","Skeena River-High Interior (river-type)","skeena",NA,"MSK",71,189,0,6,69,119,0,6,NA,NA,NA,249.852685132009,268.10295149167,16,1,242.561724007642,14,"NC","NC"
"SER","Skeena River (river-type)","skeena",NA,"MSK",71,189,0,6,69,119,0,6,NA,NA,NA,232.599744282243,260.358309407958,81,1,216.371344654634,69,"NC","NC"
"SER","Southern Fjords (river-type)","vancouver island and mainland inlets","1+","SC",101,127,0,6,81,118,1,3,NA,NA,NA,215.368697769464,258.415176338306,96,1,222.953693851968,93,"EVI","SC"
"SER","Upper Nass River (river-type)","nass",NA,"UNR",71,189,0,6,69,119,0,6,163,240,6,261.033512639704,295.163223721256,20,1,253.327428753674,22,"NC","NC"
"SER","West Haida Gwaii (river-type)","haida gwaii",NA,"HG",71,189,0,6,69,119,0,6,NA,NA,NA,214.233144367641,234.51664838012,5,1,236.021552893626,23,"NC","NC"
"SER","West Vancouver Island (river-type)","vancouver island and mainland inlets","0+","WVI",71,189,0,6,110,153,4,4,NA,NA,NA,272.635732692858,304.559862741584,383,1,253.571946593743,401,"NC","WVI"
"SER","Widgeon (river-type)","fraser",NA,"LFR",101,127,0,6,163,207,0,6,206,261,NA,284.728363952263,335.60310094998,62,5,296.109154988618,30,"EVI","LFR"
"SH","Alsek Summer","transboundary",NA,"Alsek",213,253,0,6,132,156,0,6,NA,NA,NA,NA,NA,0,6,NA,NA,"BCD","UNR"
"SH","Babine","skeena",NA,"MSK",215,236,0,6,156,185,0,6,195,256,12,126,163,3,4,NA,NA,"MSK","MSK"
"SH","Boundary Bay Winter","fraser","1+","BB",196,267,0,6,124,152,1,4,332,102,0,100,162,0,6,NA,NA,"LTh","BB"
"SH","Bulkley","skeena","1+","MSK",215,236,0,6,156,185,7,1,189,257,12,129,156,2,4,NA,NA,"MSK","MSK"
"SH","Central Coast Winter","central coast",NA,"BCD",213,253,1,4,132,156,0,6,305,151,13,125,177,1,4,NA,NA,NA,"UNR"
"SH","East Vancouver Island Summer","vancouver island and mainland inlets","1+","EVI",213,253,0,6,123,145,1,4,116,204,0,130,166,0,6,NA,NA,"BCD","EVI"
"SH","East Vancouver Island Winter","vancouver island and mainland inlets","1+","EVI",154,170,1,5,96,171,50,1,334,98,24,77,143,3,4,NA,NA,NA,"EVI"
"SH","Fraser Canyon Summer","fraser",NA,"FRCany",196,267,0,6,116,157,0,6,263,321,3,122,162,3,4,NA,NA,"LTh","MFR"
"SH","Haida Gwaii Winter","haida gwaii",NA,"HG",213,253,0,6,132,156,0,6,71,123,1,82,141,1,4,NA,NA,"BCD","UNR"
"SH","Kispiox","skeena",NA,"MSK",215,236,0,6,156,185,0,6,194,259,12,140,161,1,4,NA,NA,"MSK","MSK"
"SH","Lower Fraser Summer","fraser",NA,"LFR",196,267,0,6,95,165,0,6,156,262,18,127,155,0,6,NA,NA,"LTh","LFR"
"SH","Lower Fraser Winter","fraser","1+","LFR",196,267,0,6,95,165,69,1,332,102,66,100,162,2,4,NA,NA,"LTh","LFR"
"SH","Mid Columbia Summer","columbia",NA,NA,NA,NA,0,6,NA,NA,NA,NA,210,313,1,84,135,5,3,NA,NA,"",""
"SH","Mid Fraser Summer","fraser","1+","MFR",196,267,0,6,116,157,1,4,263,321,3,127,155,17,3,NA,NA,"LTh","MFR"
"SH","Middle Skeena","skeena",NA,"MSK",215,236,0,6,156,185,0,6,194,258,24,127,147,2,3,NA,NA,"MSK","MSK"
"SH","Morice","skeena",NA,"MSK",215,236,1,4,156,185,0,6,189,257,12,132,177,2,4,NA,NA,NA,"MSK"
"SH","Nass Summer","nass","1+","UNR",215,236,0,6,132,156,1,4,187,257,3,120,184,4,4,NA,NA,"MSK","UNR"
"SH","Nass Winter","nass",NA,"LNR-P",213,253,0,6,132,156,0,6,71,123,0,82,141,0,6,NA,NA,"BCD","UNR"
"SH","North Coast Summer","central coast",NA,"NC",213,253,0,6,132,156,0,6,166,114,0,130,166,0,6,NA,NA,"BCD","UNR"
"SH","North Coast Winter","central coast",NA,"NC",213,253,0,6,132,156,0,6,305,151,0,125,177,0,6,NA,NA,"BCD","UNR"
"SH","Skeena Coastal Summers","skeena",NA,"LSK",213,253,0,6,156,185,0,6,186,258,24,134,158,4,4,NA,NA,"BCD","MSK"
"SH","Skeena Coastal Winters","skeena",NA,"LSK",213,253,0,6,156,185,0,6,287,140,1,82,141,0,6,NA,NA,"BCD","MSK"
"SH","South Coast Summer","vancouver island and mainland inlets","1+","SC",213,253,0,6,126,166,2,3,116,204,18,130,166,0,6,NA,NA,"BCD","SC"
"SH","South Coast Winter","vancouver island and mainland inlets","1+","SC",213,253,0,6,105,166,9,1,356,156,29,95,164,9,1,NA,NA,"BCD","SC"
"SH","Stikine Summer","transboundary",NA,"LStk",213,253,0,6,132,156,0,6,NA,NA,NA,NA,NA,0,6,NA,NA,"BCD","UNR"
"SH","Stikine Winter","transboundary",NA,"LStk",213,253,0,6,132,156,0,6,NA,NA,NA,NA,NA,0,6,NA,NA,"BCD","UNR"
"SH","Suskwa","skeena",NA,"MSK",215,236,0,6,156,185,0,6,198,259,12,141,168,1,4,NA,NA,"MSK","MSK"
"SH","Taku Summer","transboundary",NA,"Taku",213,253,0,6,132,156,0,6,NA,NA,NA,NA,NA,0,6,NA,NA,"BCD","UNR"
"SH","Taku Winter","transboundary",NA,"Taku",213,253,0,6,132,156,0,6,NA,NA,NA,NA,NA,0,6,NA,NA,"BCD","UNR"
"SH","Thompson Summer","fraser","1+","LTh",196,267,2,4,101,153,1,4,263,321,3,120,154,8,4,NA,NA,NA,"LTh"
"SH","Transition Summer","central coast",NA,"BCD",213,253,0,6,132,156,0,6,166,114,2,130,166,1,4,NA,NA,"BCD","UNR"
"SH","Upper Skeena","skeena",NA,"USK",198,227,0,6,113,139,0,6,190,251,12,152,177,0,6,NA,NA,"USK","USK"
"SH","Upper Skeena Headwaters","skeena","1+","USK",198,227,2,4,113,139,2,4,190,251,0,152,177,0,6,NA,NA,NA,"USK"
"SH","Upper Sustut","skeena",NA,"USK",198,227,0,6,113,139,0,6,191,247,12,152,177,2,4,NA,NA,"USK","USK"
"SH","West Vancouver Island Summer","vancouver island and mainland inlets",NA,"WVI",213,253,0,6,90,153,0,6,166,114,0,130,166,0,6,NA,NA,"BCD","WVI"
"SH","West Vancouver Island Winter","vancouver island and mainland inlets","1+","WVI",213,253,0,6,90,153,42,1,336,98,1,95,169,1,4,NA,NA,"BCD","WVI"
